x,i1,i2,o1,o2
-29.91,0,0,0,0
-29.85,0,0,0,0
-29.79,0,0,0,0
-29.73,0,0,0,0
-29.67,0,0,0,0
-29.61,0,0,0,0
-29.55,0,0,0,0
-29.49,0,0,0,0
-29.43,0,0,0,0
-29.37,0,0,0,0
-29.31,0,0,0,0
-29.25,0,0,0,0
-29.19,0,0,0,0
-29.13,0,0,0,0
-29.07,0,0,0,0
-29.01,0,0,0,0
-28.95,0,0,0,0
-28.89,0,0,0,0
-28.83,0,0,0,0
-28.77,0,0,0,0
-28.71,0,0,0,0
-28.65,0,0,0,0
-28.59,0,0,0,0
-28.53,0,0,0,0
-28.47,0,0,0,0
-28.41,0,0,0,0
-28.35,0,0,0,0
-28.29,0,0,0,0
-28.23,0,0,0,0
-28.17,0,0,0,0
-28.11,0,0,0,0
-28.05,0,0,0,0
-27.99,0,0,0,0
-27.93,0,0,0,0
-27.87,0,0,0,0
-27.81,0,0,0,0
-27.75,0,0,0,0
-27.69,0,0,0,0
-27.63,0,0,0,0
-27.57,0,0,0,0
-27.51,0,0,0,0
-27.45,0,0,0,0
-27.39,0,0,0,0
-27.33,0,0,0,0
-27.27,0,0,0,0
-27.21,0,0,0,0
-27.15,0,0,0,0
-27.09,0,0,0,0
-27.03,0,0,0,0
-26.97,0,0,0,0
-26.91,0,0,0,0
-26.85,0,0,0,0
-26.79,0,0,0,0
-26.73,0,0,0,0
-26.67,0,0,0,0
-26.61,0,0,0,0
-26.55,0,0,0,0
-26.49,0,0,0,0
-26.43,0,0,0,0
-26.37,0,0,0,0
-26.31,0,0,0,0
-26.25,0,0,0,0
-26.19,0,0,0,0
-26.13,0,0,0,0
-26.07,0,0,0,0
-26.01,0,0,0,0
-25.95,0,0,0,0
-25.89,0,0,0,0
-25.83,0,0,0,0
-25.77,0,0,0,0
-25.71,0,0,0,0
-25.65,0,0,0,0
-25.59,0,0,0,0
-25.53,0,0,0,0
-25.47,0,0,0,0
-25.41,0,0,0,0
-25.35,0,0,0,0
-25.29,0,0,0,0
-25.23,0,0,0,0
-25.17,0,0,0,0
-25.11,0,0,0,0
-25.05,0,0,0,0
-24.99,0,0,0,0
-24.93,0,0,0,0
-24.87,0,0,0,0
-24.81,0,0,0,0
-24.75,0,0,0,0
-24.69,0,0,0,0
-24.63,0,0,0,0
-24.57,0,0,0,0
-24.51,0,0,0,0
-24.45,0,0,0,0
-24.39,0,0,0,0
-24.33,0,0,0,0
-24.27,0,0,0,0
-24.21,0,0,0,0
-24.15,0,0,0,0
-24.09,0,0,0,0
-24.03,0,0,0,0
-23.97,0,0,0,0
-23.91,0,0,0,0
-23.85,0,0,0,0
-23.79,0,0,0,0
-23.73,0,0,0,0
-23.67,0,0,0,0
-23.61,0,0,0,0
-23.55,0,0,0,0
-23.49,0,0,0,0
-23.43,0,0,0,0
-23.37,0,0,0,0
-23.31,0,0,0,0
-23.25,0,0,0,0
-23.19,0,0,0,0
-23.13,0,0,0,0
-23.07,0,0,0,0
-23.01,0,0,0,0
-22.95,0,0,0,0
-22.89,0,0,0,0
-22.83,0,0,0,0
-22.77,0,0,0,0
-22.71,0,0,0,0
-22.65,0,0,0,0
-22.59,0,0,0,0
-22.53,0,0,0,0
-22.47,0,0,0,0
-22.41,0,0,0,0
-22.35,0,0,0,0
-22.29,0,0,0,0
-22.23,0,0,0,0
-22.17,0,0,0,0
-22.11,0,0,0,0
-22.05,0,0,0,0
-21.99,0,0,0,0
-21.93,0,0,0,0
-21.87,0,0,0,0
-21.81,0,0,0,0
-21.75,0,0,0,0
-21.69,0,0,0,0
-21.63,0,0,0,0
-21.57,0,0,0,0
-21.51,0,0,0,0
-21.45,0,0,0,0
-21.39,0,0,0,0
-21.33,0,0,0,0
-21.27,0,0,0,0
-21.21,0,0,0,0
-21.15,0,0,0,0
-21.09,0,0,0,0
-21.03,0,0,0,0
-20.97,0,0,0,0
-20.91,0,0,0,0
-20.85,0,0,0,0
-20.79,0,0,0,0
-20.73,0,0,0,0
-20.67,0,0,0,0
-20.61,0,0,0,0
-20.55,0,0,0,0
-20.49,0,0,0,0
-20.43,0,0,0,0
-20.37,0,0,0,0
-20.31,0,0,0,0
-20.25,0,0,0,0
-20.19,0,0,0,0
-20.13,0,0,0,0
-20.07,0,0,0,0
-20.01,0,0,0,0
-19.95,0,0,0,0
-19.89,0,0,0,0
-19.83,0,0,0,0
-19.77,0,0,0,0
-19.71,0,0,0,0
-19.65,0,0,0,0
-19.59,0,0,0,0
-19.53,0,0,0,0
-19.47,0,0,0,0
-19.41,0,0,0,0
-19.35,0,0,0,0
-19.29,0,0,0,0
-19.23,0,0,0,0
-19.17,0,0,0,0
-19.11,0,0,0,0
-19.05,0,0,0,0
-18.99,0,0,0,0
-18.93,0,0,0,0
-18.87,0,0,0,0
-18.81,0,0,0,0
-18.75,0,0,0,0
-18.69,0,0,0,0
-18.63,0,0,0,0
-18.57,0,0,0,0
-18.51,0,0,0,0
-18.45,0,0,0,0
-18.39,0,0,0,0
-18.33,0,0,0,0
-18.27,0,0,0,0
-18.21,0,0,0,0
-18.15,0,0,0,0
-18.09,0,0,0,0
-18.03,0,0,0,0
-17.97,0,0,0,0
-17.91,0,0,0,0
-17.85,0,0,0,0
-17.79,0,0,0,0
-17.73,0,0,0,0
-17.67,0,0,0,0
-17.61,0,0,0,0
-17.55,0,0,0,0
-17.49,0,0,0,0
-17.43,0,0,0,0
-17.37,0,0,0,0
-17.31,0,0,0,0
-17.25,0,0,0,0
-17.19,0,0,0,0
-17.13,0,0,0,0
-17.07,0,0,0,0
-17.01,0,0,0,0
-16.95,0,0,0,0
-16.89,0,0,0,0
-16.83,0,0,0,0
-16.77,0,0,0,0
-16.71,0,0,0,0
-16.65,0,0,0,0
-16.59,0,0,0,0
-16.53,0,0,0,0
-16.47,0,0,0,0
-16.41,0,0,0,0
-16.35,0,0,0,0
-16.29,0,0,0,0
-16.23,0,0,0,0
-16.17,0,0,0,0
-16.11,0,0,0,0
-16.05,0,0,0,0
-15.99,0,0,0,0
-15.93,0,0,0,0
-15.87,0,0,0,0
-15.81,0,0,0,0
-15.75,0,0,0,0
-15.69,0,0,0,0
-15.63,0,0,0,0
-15.57,0,0,0,0
-15.51,0,0,0,0
-15.45,0,0,0,0
-15.39,0,0,0,0
-15.33,0,0,0,0
-15.27,0,0,0,0
-15.21,0,0,0,0
-15.15,0,0,0,0
-15.09,0,0,0,0
-15.03,0,0,0,0
-14.97,0,0,0,0
-14.91,0,0,0,0
-14.85,0,0,0,0
-14.79,0,0,0,0
-14.73,0,0,0,0
-14.67,0,0,0,0
-14.61,0,0,0,0
-14.55,0,0,0,0
-14.49,0,0,0,0
-14.43,0,0,0,0
-14.37,0,0,0,0
-14.31,0,0,0,0
-14.25,0,0,0,0
-14.19,0,0,0,0
-14.13,0,0,0,0
-14.07,0,0,0,0
-14.01,0,0,0,0
-13.95,0,0,0,0
-13.89,0,0,0,0
-13.83,0,0,0,0
-13.77,0,0,0,0
-13.71,0,0,0,0
-13.65,0,0,0,0
-13.59,0,0,0,0
-13.53,0,0,0,0
-13.47,0,0,0,0
-13.41,0,0,0,0
-13.35,0,0,0,0
-13.29,0,0,0,0
-13.23,0,0,0,0
-13.17,0,0,0,0
-13.11,0,0,0,0
-13.05,0,0,0,0
-12.99,0,0,0,0
-12.93,0,0,0,0
-12.87,0,0,0,0
-12.81,0,0,0,0
-12.75,0,0,0,0
-12.69,0,0,0,0
-12.63,0,0,0,0
-12.57,0,0,0,0
-12.51,0,0,0,0
-12.45,0,0,0,0
-12.39,0,0,0,0
-12.33,0,0,0,0
-12.27,0,0,0,0
-12.21,0,0,0,0
-12.15,0,0,0,0
-12.09,0,0,0,0
-12.03,0,0,0,0
-11.97,2.09684149810779E-13,-3.70831804985837E-12,2.0968414981078E-13,-3.70831804985839E-12
-11.91,1.22584579889378E-12,-1.24716591255748E-11,1.22584579889383E-12,-1.24716591255753E-11
-11.85,4.41949669601176E-12,-3.10587901228351E-11,4.41949669601241E-12,-3.10587901228397E-11
-11.79,7.25829749344977E-12,-4.54171373790082E-11,7.25829749345152E-12,-4.54171373790192E-11
-11.73,1.19842556391842E-11,-7.45957451922683E-11,1.1984255639189E-11,-7.45957451922981E-11
-11.67,1.73392662343497E-11,-1.07606281656931E-10,1.73392662343597E-11,-1.07606281656993E-10
-11.61,2.42104545281445E-11,-1.51696231522949E-10,2.42104545281641E-11,-1.51696231523071E-10
-11.55,3.31784843200424E-11,-2.04035562594222E-10,3.31784843200791E-11,-2.04035562594448E-10
-11.49,4.49853149093696E-11,-2.74630227783865E-10,4.49853149094371E-11,-2.74630227784276E-10
-11.43,6.01954805456098E-11,-3.66563986311708E-10,6.01954805457306E-11,-3.66563986312444E-10
-11.37,8.05671021771629E-11,-4.85867734373625E-10,8.05671021773793E-11,-4.8586773437493E-10
-11.31,1.04632390755338E-10,-6.28677014211117E-10,1.04632390755703E-10,-6.28677014213309E-10
-11.25,1.37601190925391E-10,-8.25432562935395E-10,1.37601190926022E-10,-8.25432562939181E-10
-11.19,1.79489632237253E-10,-1.07804709195717E-09,1.79489632238327E-10,-1.07804709196362E-09
-11.13,2.32152612939159E-10,-1.39478949993836E-09,2.32152612940955E-10,-1.39478949994915E-09
-11.07,2.99928981977028E-10,-1.80415528345945E-09,2.99928981980027E-10,-1.80415528347748E-09
-11.01,3.88867320595114E-10,-2.33607772556401E-09,3.88867320600155E-10,-2.33607772559429E-09
-10.95,5.03887141538516E-10,-3.02412686329856E-09,5.0388714154698E-10,-3.02412686334935E-09
-10.89,6.5071443505132E-10,-3.90412374780186E-09,6.50714435065434E-10,-3.90412374788654E-09
-10.83,8.41010865771688E-10,-5.04575222920247E-09,8.41010865795264E-10,-5.04575222934392E-09
-10.77,1.08459932963867E-09,-6.50719386579377E-09,1.08459932967788E-09,-6.50719386602903E-09
-10.71,1.39875457468312E-09,-8.39202783566824E-09,1.39875457474834E-09,-8.39202783605951E-09
-10.65,1.80084812623361E-09,-1.08043798057253E-08,1.80084812634171E-09,-1.08043798063739E-08
-10.59,2.31970349010433E-09,-1.39172851000617E-08,2.31970349028369E-09,-1.39172851011378E-08
-10.53,2.98835398464931E-09,-1.79304529089528E-08,2.98835398494699E-09,-1.79304529107388E-08
-10.47,3.84854288520424E-09,-2.30917810390413E-08,3.84854288569795E-09,-2.30917810420037E-08
-10.41,4.95685265307351E-09,-2.97419337992098E-08,4.95685265389252E-09,-2.9741933804124E-08
-10.35,6.38281777817095E-09,-3.82995412566261E-08,6.38281777952896E-09,-3.82995412647748E-08
-10.29,8.2175863473425E-09,-4.93105393827538E-08,8.21758634959345E-09,-4.93105393962609E-08
-10.23,1.05786460024802E-08,-6.34767436173347E-08,1.05786460062105E-08,-6.3476743639718E-08
-10.17,1.36200662047091E-08,-8.17233857934268E-08,1.36200662108927E-08,-8.17233858305294E-08
-10.11,1.75368209536972E-08,-1.05221565719428E-07,1.75368209639486E-08,-1.05221565780937E-07
-10.05,2.25776601683997E-08,-1.35465644416134E-07,2.25776601853914E-08,-1.35465644518084E-07
-9.99,2.90663039154978E-08,-1.74398930056435E-07,2.90663039436595E-08,-1.74398930225406E-07
-9.93,3.74185074728867E-08,-2.24515129709266E-07,3.74185075195582E-08,-2.245151299893E-07
-9.87,4.81722397170346E-08,-2.89039978802439E-07,4.81722397943867E-08,-2.89039979266563E-07
-9.81,6.20168776073669E-08,-3.72110209671354E-07,6.20168777355699E-08,-3.72110210440591E-07
-9.75,7.98393528269623E-08,-4.79046125806016E-07,7.98393530394396E-08,-4.79046127080907E-07
-9.69,1.02780992313701E-07,-6.16699318239272E-07,1.02780992665832E-07,-6.16699320352103E-07
-9.63,1.32315665924953E-07,-7.93910492802975E-07,1.32315666508534E-07,-7.93910496304532E-07
-9.57,1.70334756898679E-07,-1.0220347234616E-06,1.70334757865809E-07,-1.02203472926452E-06
-9.51,2.19279037040407E-07,-1.31571027015162E-06,2.19279038643181E-07,-1.31571027976853E-06
-9.45,2.82288558608603E-07,-1.69377602791195E-06,2.82288561264826E-07,-1.69377604384971E-06
-9.39,3.63402192940027E-07,-2.18047096316512E-06,3.63402197342055E-07,-2.18047098957799E-06
-9.33,4.67822832448328E-07,-2.80701372223408E-06,4.6782283974358E-07,-2.80701376600678E-06
-9.27,6.02250530246277E-07,-3.61359715842473E-06,6.0225054233642E-07,-3.61359723096748E-06
-9.21,7.75304239318465E-07,-4.65194940024748E-06,7.75304259354921E-07,-4.65194952046941E-06
-9.15,9.98084217386837E-07,-5.98866578561881E-06,9.98084250592361E-07,-5.9886659848573E-06
-9.09,1.2848792104309E-06,-7.70947847205019E-06,1.28487926546093E-06,-7.70947880223909E-06
-9.03,1.6540837394175E-06,-9.92476364463824E-06,1.6540838306163E-06,-9.92476419184543E-06
-8.97,2.12937762074295E-06,-1.27766010121442E-05,2.12937777188251E-06,-1.27766019190054E-05
-8.91,2.74124281923648E-06,-1.64478911062711E-05,2.74124306971248E-06,-1.64478926091667E-05
-8.85,3.52892328171976E-06,-2.11740920793184E-05,3.52892369682034E-06,-2.11740945699868E-05
-8.79,4.54293986670224E-06,-2.72583396075029E-05,4.54294055462559E-06,-2.7258343735149E-05
-8.73,5.84832392232054E-06,-3.50908277934015E-05,5.84832506237413E-06,-3.50908346338954E-05
-8.67,7.52879901735082E-06,-4.51739034111755E-05,7.52880090668659E-06,-4.51739147474685E-05
-8.61,9.69214019942861E-06,-5.81542265082092E-05,9.69214333048637E-06,-5.81542452950032E-05
-8.55,1.24770879307792E-05,-7.48642388170423E-05,1.24770931196206E-05,-7.48642699508029E-05
-8.49,1.60622452681966E-05,-9.63755567859994E-05,1.60622538671667E-05,-9.6375608380936E-05
-8.43,2.06775280606398E-05,-0.00012406765492304,2.06775423107522E-05,-0.000124067740425428
-8.37,2.66189011079109E-05,-0.000159716278857554,2.66189247227353E-05,-0.000159716420549048
-8.31,3.426720030216E-05,-0.000205606348889654,3.42673833496913E-05,-0.000205607447191653
-8.25,4.41125848276128E-05,-0.000264678643507851,4.41132782158123E-05,-0.000264682803886318
-8.19,5.67861714046669E-05,-0.000340719533937164,5.67877586286762E-05,-0.000340729057351251
-8.13,7.30999315371464E-05,-0.000438600263364429,7.31032055388946E-05,-0.000438619907405112
-8.07,9.40989741434048E-05,-0.000564590466469929,9.41051222523941E-05,-0.000564627354903132
-8.01,0.000121127747937356,-0.000726755079613338,0.000121138996884713,-0.000726822572238033
-7.95,0.000155916277024457,-0.000935471233587999,0.00015593610598922,-0.000935590204015468
-7.89,0.000200689364201341,-0.00120408263215317,0.000200723962761185,-0.00120429021427976
-7.83,0.000258308633127578,-0.00154975040372167,0.000258367902403977,-0.00155010599611483
-7.77,0.000332452431558284,-0.00199453014505992,0.000332553141465847,-0.00199513434863154
-7.71,0.000427847323478129,-0.00256675697260691,0.000428017811398212,-0.00256777976983762
-7.65,0.00055056525771616,-0.00330282204443537,0.000550851619993523,-0.00330453992188789
-7.59,0.00070839820212904,-0.00424940961427285,0.000708878090508187,-0.00425228828094083
-7.53,0.000911341344149104,-0.00546637842634314,0.000912141657849793,-0.00547117884231882
-7.47,0.00117219788104433,-0.00703036113203806,0.00117352909278932,-0.00703834519297338
-7.41,0.00150734632465442,-0.00903931969666087,0.00150955680281586,-0.0090525755877968
-7.35,0.00193770766451817,-0.0116182688569315,0.00194136668317932,-0.0116402079054971
-7.29,0.00248993436892023,-0.0149262798810856,0.0024959792211707,-0.0149625166420446
-7.23,0.0031978997871545,-0.0191652043000928,0.00320785528401286,-0.0192248681869869
-7.17,0.00410448582709552,-0.0245900546631646,0.00412083295780762,-0.0246879906421715
-7.11,0.0052637396914136,-0.0315213874271998,0.00529049126554137,-0.0316815865977143
-7.05,0.00674342212523869,-0.0403596986703849,0.00678699902218483,-0.0406205084487249
-6.99,0.0086278804174783,-0.0516012432480493,0.00869848029629706,-0.0520234838614947
-6.93,0.01102126785785,-0.0658551228552185,0.0111348709403766,-0.0665339326848143
-6.87,0.0140509593698927,-0.0838603261103695,0.0142321933689894,-0.0849419847976119
-6.81,0.0178710546815043,-0.106501476971847,0.0181570512186104,-0.108205856156706
-6.75,0.0226659156369063,-0.134822149826278,0.0231110236685972,-0.137469756157248
-6.69,0.0286538056515695,-0.170035047157616,0.0293345055656565,-0.174074400373011
-6.63,0.0360915558523338,-0.213533049184139,0.0371094425446167,-0.219555301314704
-6.57,0.0452818627070803,-0.26690857236751,0.0467605384799968,-0.275624451440255
-6.51,0.0565870226621205,-0.332000567238423,0.0586547853724593,-0.344132295688708
-6.45,0.0704553311139852,-0.411000324302769,0.0731999388407093,-0.427010960374333
-6.39,0.0874690934314138,-0.506658159666745,0.0908435440985506,-0.526204411923702
-6.33,0.108427354879342,-0.622647300448468,0.112075000974026,-0.643594016306049
-6.27,0.134480304531718,-0.764144643099839,0.13743356963401,-0.780925700485367
-6.21,0.167337431751152,-0.93868357084561,0.167523957190187,-0.939729890030354
-6.15,0.209563444092115,-1.15723207316707,0.203036871117768,-1.121191629155
-6.09,0.265050098749077,-1.4357629191684,0.244762539180296,-1.32586623968498
-6.03,0.339484203786756,-1.7959682994887,0.293581093407132,-1.55312774852887
-5.97,0.440756056742877,-2.26444767143163,0.350353532534156,-1.79999169333624
-5.91,0.578400771431385,-2.86562219595143,0.415651024982692,-2.0592967053151
-5.85,0.760329759623199,-3.6019029945563,0.489211699043242,-2.31753796488129
-5.79,0.984750004822713,-4.41897202634077,0.569140803372738,-2.55396524685067
-5.73,1.22931762672107,-5.17929721332776,0.651215928334964,-2.74366914586284
-5.67,1.44977551894507,-5.69830709518618,0.729162124010773,-2.86595383250435
-5.61,1.60117789407769,-5.85700879062637,0.796659074791669,-2.91412916793658
-5.55,1.66712760323827,-5.6842414645607,0.850134849136864,-2.8986214075907
-5.49,1.66349873400711,-5.30918009654913,0.889737329679588,-2.83966294973535
-5.43,1.61771269517914,-4.85876264725046,0.917834773644378,-2.75669550459766
-5.37,1.55196168468286,-4.41024371605628,0.937175644930525,-2.66319268039175
-5.31,1.47966247818888,-3.99795867755441,0.950042351489013,-2.56695707241882
-5.25,1.4077696551889,-3.6321942818139,0.958127610412926,-2.47207035253425
-5.19,1.33949478709292,-3.31240397779135,0.962643849618731,-2.38049848898162
-5.13,1.27609190388133,-3.03401186673946,0.964456025856196,-2.29307232378476
-5.07,1.2178290971465,-2.79141131898067,0.964186485939936,-2.21003183186152
-5.01,1.16452581633678,-2.57924091826458,0.962288700727239,-2.13131762068345
-4.95,1.11580414370001,-2.39277338396605,0.959098128982309,-2.05672697004923
-4.89,1.07122857224674,-2.22801367242751,0.954866505105102,-1.98599597120083
-4.83,1.0303589321476,-2.08162489499103,0.94978551808998,-1.91884315035457
-4.77,0.992787313945171,-1.95085397748062,0.944002998652278,-1.85499147582393
-4.71,0.958146609330747,-1.83342959654314,0.93763439517776,-1.79417913095418
-4.65,0.926158494253021,-1.72755946840675,0.93077045103524,-1.73616213161877
-4.59,0.896432068781183,-1.63148626015027,0.923484649959387,-1.68072135116375
-4.53,0.868768998500883,-1.54400932316309,0.91583501336844,-1.62765683577581
-4.47,0.84294774346154,-1.46403247489185,0.907869433907485,-1.57678853109461
-4.41,0.818777415344471,-1.39063647477215,0.899626903774052,-1.5279537058899
-4.35,0.796089287244367,-1.32303944432345,0.891139604732816,-1.48100579464074
-4.29,0.774736066620426,-1.2605765049509,0.882434255389712,-1.43581270762384
-4.23,0.754587085391687,-1.20267654522378,0.873533196956952,-1.39225532452513
-4.17,0.735528107230729,-1.14884982214159,0.864455209104455,-1.35022605317989
-4.11,0.717458098750715,-1.09867297265525,0.855216172305361,-1.30962755305943
-4.05,0.700288289360073,-1.05177965121782,0.845829575186145,-1.27037157281603
-3.99,0.683937963303288,-1.00784777737236,0.83630694915122,-1.23237800082367
-3.93,0.668335943469207,-0.966596679125805,0.826658193104255,-1.19557398047308
-3.87,0.653418522015187,-0.927779670458293,0.8168918537183,-1.15989313021833
-3.81,0.639128503738475,-0.891179132763756,0.807015346552329,-1.12527485859375
-3.75,0.625414390445392,-0.856602417820482,0.797035141038379,-1.09166376618732
-3.69,0.612230363252202,-0.823879325086996,0.786956906674056,-1.05900909863252
-3.63,0.599532902712778,-0.792855478700638,0.776785661310506,-1.02726433288214
-3.57,0.587285144739046,-0.763396454328503,0.766525855245715,-0.996386721659226
-3.51,0.575450978497739,-0.735378426237467,0.756181486492304,-0.966336963990068
-3.45,0.563999904901507,-0.708693290285522,0.745756155613345,-0.937078852459379
-3.39,0.552902225219212,-0.683241347567884,0.735253147470041,-0.908579000711721
-3.33,0.542131291643876,-0.658933315529173,0.72467548651065,-0.880806602329193
-3.27,0.531662610292974,-0.635688374885026,0.714025988246656,-0.853733197156877
-3.21,0.521473615767823,-0.613433206026566,0.703307302616325,-0.827332467876795
-3.15,0.51154347455824,-0.592101155285461,0.692521953553227,-0.801580059472982
-3.09,0.501853392967252,-0.571632053076307,0.681672368562495,-0.776453404574662
-3.03,0.492384512514892,-0.551969359388639,0.670760923987491,-0.751931606510692
-2.97,0.483121202655835,-0.53306351808261,0.659789963025391,-0.727995287626531
-2.91,0.474047094455825,-0.514867120887669,0.648761829641943,-0.704626479681314
-2.85,0.46514870418872,-0.497338630379884,0.637678886582968,-0.68180850815973
-2.79,0.456412149186261,-0.480438486552982,0.626543538916611,-0.659525891528803
-2.73,0.447824885911076,-0.464130781038747,0.615358261673465,-0.637764268120338
-2.67,0.439375182252785,-0.44838245661863,0.604125619470301,-0.616510308969841
-2.61,0.43105242723176,-0.433163417423782,0.592848273622078,-0.595751625539177
-2.55,0.42284551824144,-0.418444757374779,0.58152896733946,-0.575476709926538
-2.49,0.414745581596963,-0.404201281989907,0.570170669811064,-0.555674914735158
-2.43,0.406742853499067,-0.390408287169256,0.558776509018796,-0.536336355807528
-2.37,0.398829568956449,-0.37704427923408,0.547349766449305,-0.517451849720692
-2.31,0.39099742597839,-0.364088378113364,0.535893914422602,-0.499012866017514
-2.25,0.383238997933178,-0.351521586769322,0.524412641238501,-0.481011496126997
-2.19,0.375547657340786,-0.33932659272639,0.512909856314205,-0.463440393028327
-2.13,0.367916310309471,-0.32748653148842,0.501389718239998,-0.446292744163091
-2.07,0.360339574384612,-0.315986875299536,0.489856638382994,-0.429562222722064
-2.01,0.352811587422273,-0.304813372966254,0.478315295225239,-0.413242942342631
-1.95,0.345327247936508,-0.293953098905794,0.466770653062313,-0.397329433937908
-1.89,0.337881898608798,-0.283394094814757,0.455227969973087,-0.381816602239026
-1.83,0.330471326158599,-0.273125303991107,0.44369280788141,-0.36669969052964
-1.77,0.323092018012593,-0.263136717714296,0.432171034711524,-0.351974240232543
-1.71,0.315740382418173,-0.253418674754028,0.420668840301081,-0.337636064170668
-1.65,0.308413559919264,-0.243962481697381,0.40919274267886,-0.323681218888771
-1.59,0.301109159110138,-0.234760133867573,0.397749587497766,-0.310105965167911
-1.53,0.29382526740866,-0.225804271653656,0.386346548890953,-0.29690673592374
-1.47,0.286560462100461,-0.217088138812547,0.374991126139209,-0.284080103193871
-1.41,0.279314042152334,-0.208605707363156,0.363691131870832,-0.271622741345186
-1.35,0.272085147685608,-0.200350969998168,0.352454699633413,-0.259531406078666
-1.29,0.264874340293216,-0.192319083125869,0.341290253906551,-0.24780289641663
-1.23,0.257682053297558,-0.184505160826989,0.330206500480705,-0.236434018968938
-1.17,0.250509494905236,-0.176904912099188,0.319212408015945,-0.225421567363715
-1.11,0.243358430324629,-0.169514436418394,0.30831717825651,-0.214762285574179
-1.05,0.236231371998522,-0.16233031861083,0.297530209176641,-0.204452834707716
-0.989999999999999,0.229130828694919,-0.155349075592374,0.286861075900302,-0.1944897734555
-0.929999999999999,0.222060625623291,-0.148568040252935,0.276319471337653,-0.184869524820687
-0.870000000000002,0.215024578454941,-0.141984416693958,0.265915169374027,-0.175588346620375
-0.810000000000001,0.208027234576192,-0.135595770163727,0.255657974844018,-0.166642315214629
-0.749999999999998,0.201073663318658,-0.129399860660178,0.245557665964745,-0.158027298232091
-0.689999999999997,0.194169429651219,-0.123394609961171,0.235623934568519,-0.149738934475035
-0.629999999999997,0.187320560564976,-0.117578068343183,0.225866322608511,-0.141772616075826
-0.569999999999997,0.180533504753,-0.111948381672038,0.216294156849919,-0.134123473964541
-0.51,0.173815082510084,-0.106503758046713,0.206916478318022,-0.126786365282092
-0.450000000000003,0.167172565123879,-0.101242517952181,0.197741967847829,-0.119755862541789
-0.390000000000002,0.160613059066227,-0.0961627254100282,0.188778890461995,-0.113026255226365
-0.329999999999999,0.154144407480145,-0.0912627524062668,0.180035009685278,-0.106591544785585
-0.269999999999995,0.147774023590712,-0.0865405857238905,0.17151753515662,-0.100445447675452
-0.209999999999998,0.14150986327445,-0.0819944347419359,0.163233044573171,-0.0945814016866409
-0.150000000000001,0.135359327354129,-0.0776221020096033,0.15518744063962,-0.0889925768944093
-0.0900000000000005,0.12933014881506,-0.0734215359726488,0.147385881293316,-0.0836718884528001
-0.0300000000000002,0.123429476419656,-0.0693903245311055,0.139832746304435,-0.078612013334242
0.0300000000000002,0.11766416645464,-0.0655259029303286,0.132531603195466,-0.0738054178077632
0.0900000000000005,0.112040983986048,-0.0618256972381624,0.125485162062205,-0.0692443725637553
0.150000000000001,0.106565908395156,-0.0582867655560323,0.118695269663685,-0.0649209813878128
0.210000000000001,0.101244399209694,-0.0549059863363826,0.112162903447902,-0.0608272150581328
0.270000000000001,0.0960815784327983,-0.0516801883128263,0.105888157892966,-0.0569549338100669
0.330000000000002,0.0910816404777806,-0.0486058561002365,0.0998702682743122,-0.0532959207033325
0.389999999999999,0.0862481048119644,-0.0456793011534747,0.0941076342599498,-0.0498419179827006
0.449999999999996,0.0815839938614939,-0.0428967807547367,0.0885978372039918,-0.0465846524299331
0.51,0.0770913512001369,-0.0402542608083132,0.0833376905399757,-0.0435158688741821
0.570000000000003,0.0727714889169174,-0.0377475701743363,0.0783232881707364,-0.0406273646521795
0.630000000000003,0.0686251682532815,-0.0353725091898158,0.0735500459947671,-0.0379110134675242
0.690000000000001,0.0646522194319185,-0.0331246601983895,0.0690127704884829,-0.0353587949782253
0.749999999999998,0.0608517837512053,-0.0309995246150193,0.0647057217459453,-0.0329628236075543
0.809999999999998,0.0572224974958285,-0.0289926204133687,0.0606226705526244,-0.030715368127808
0.869999999999998,0.0537621491552443,-0.0270993056872111,0.0567569744404675,-0.0286088749131306
0.930000000000002,0.0504681496942442,-0.025315019275002,0.0531016353979653,-0.0266359858995767
0.990000000000002,0.0473372297709395,-0.0236351190627251,0.0496493735902351,-0.0247895548994572
1.05,0.0443656584061504,-0.0220549877460468,0.0463926918521261,-0.0230626634893561
1.11,0.0415494113770266,-0.0205701073635721,0.0433239312246269,-0.0214486291662686
1.17,0.0388839439409346,-0.0191759336992953,0.0404353361667237,-0.0199410154129334
1.23,0.0363645637701974,-0.017868071993896,0.0377191032745149,-0.0185336377775162
1.29,0.0339861923385935,-0.016642143779436,0.0351674370329478,-0.0172205682126967
1.35,0.031743696246965,-0.0154939390399983,0.0327725901631419,-0.0159961370037088
1.41,0.0296316792720282,-0.0144192984330763,0.0305269093363121,-0.0148549331922362
1.47,0.027644773315097,-0.0134142440911672,0.0284228661486844,-0.0137918028823485
1.53,0.0257774560096885,-0.0124748751514444,0.0264530938434443,-0.0128018468130594
1.59,0.0240242811094703,-0.0115974687378259,0.0246104093466849,-0.0118804159726038
1.65,0.0223798253124947,-0.0107784402298241,0.0228878357320677,-0.011023105229083
1.71,0.0208386658501885,-0.0100143206265859,0.0212786234590671,-0.0102257485840708
1.77,0.0193955537261436,-0.00930182978220867,0.0197762605327124,-0.00948441131412225
1.83,0.0180452771363067,-0.00863779862945119,0.0183744870401643,-0.00879538273496879
1.89,0.0167828155236939,-0.00801923477669442,0.0170672990831595,-0.00815516789532065
1.95,0.0156032925887605,-0.00744329000888629,0.0158489532662454,-0.00756047833025489
2.01,0.0145019518910391,-0.0069072401979814,0.0147139715939953,-0.00700822460518581
2.07,0.0134742561826349,-0.0064085259441672,0.0136571381193445,-0.00649550689660254
2.13,0.0125158436999805,-0.00594472415374954,0.0126734966849469,-0.00601960552252551
2.19,0.0116225030046832,-0.00551352972301757,0.0117583494270815,-0.00557797309527199
2.25,0.0107902473850853,-0.00511278594054685,0.0109072490201079,-0.0051682252917698
2.31,0.010015274716642,-0.00474045985102554,0.0101159922774713,-0.00478813178883181
2.37,0.00929394265135873,-0.00439462589233967,0.00938061477185023,-0.00443560866565173
2.43,0.00862282395587318,-0.00407348862065917,0.00869738079106426,-0.00410870984531798
2.49,0.00799867034395131,-0.00377536160667974,0.00806277479594521,-0.0038056188215002
2.54999999999999,0.00741838901473932,-0.00349865310414877,0.00747349404481173,-0.00352464168254955
2.61,0.00687908370231379,-0.00324188307258012,0.00692643778352454,-0.00326419947414434
2.67,0.00637802273864133,-0.00300366531098803,0.00641869796686457,-0.00302282089839139
2.73,0.00591261763976935,-0.00278269512661683,0.00594755118835788,-0.0027991361382525
2.79,0.00548045358955525,-0.00257776214144631,0.00551044810356374,-0.00259187022965447
2.85,0.00507926176007257,-0.00238773532971717,0.00510500431739407,-0.0023998367760488
2.91,0.00470690024888676,-0.00221155254869939,0.00472899236836196,-0.00222193260362899
2.97,0.00436137703717844,-0.00204823029033781,0.00438033220121684,-0.00205713219008434
3.03,0.00404082242834738,-0.00189684944251921,0.0040570826806259,-0.00190448235661446
3.09,0.00374349123121817,-0.00175655542710839,0.00375743338028987,-0.00176309749068081
3.15,0.00346774231379894,-0.00162654762925006,0.00347969744092325,-0.00163215519230458
3.21,0.00321205383661656,-0.00150608603195204,0.00322230327955423,-0.00151089184892426
3.27,0.00297500470359552,-0.00139448172805557,0.00298378744115233,-0.00139859848357885
3.33,0.00275526137871772,-0.00129109016017737,0.00276278832224334,-0.00129461721673803
3.39,0.00255158954443872,-0.00119531624548522,0.002558039207323,-0.00119833765104016
3.45,0.00236283640373813,-0.00110660556843994,0.00236836210070437,-0.00110919346111955
3.51,0.00218793059901131,-0.00102444403274103,0.00219266187800373,-0.00102665933634033
3.57,0.0020258690755894,-0.000948351323104862,0.00202992120377889,-0.000950248208336093
3.63,0.0018757249462603,-0.000877884449691212,0.00187919489146735,-0.000879508467618057
3.69,0.00173663574932618,-0.00081263193350509,0.00173960504549428,-0.000814021369883544
3.75,0.0016077950000213,-0.000752209631097011,0.00161033683094405,-0.000753398831026537
3.81,0.00148845823322025,-0.000696263488579753,0.00149063380854631,-0.000697281168238061
3.87,0.00137793343544474,-0.00064446484803879,0.00137979391520353,-0.000645335001686407
3.93,0.00127557411492853,-0.000596507065059681,0.00127716594547537,-0.000597251465684039
3.99,0.00118078403995871,-0.00055210767933128,0.00118214579421961,-0.000552744404557368
4.05,0.00109300840388811,-0.000511004142606192,0.00109417314369416,-0.000511548682669959
4.11,0.00101173327506729,-0.00047295350240968,0.00101272836227308,-0.000473418674397972
4.17,0.000936479047603684,-0.000437729234073636,0.000937329814044406,-0.000438126899502912
4.23,0.000866803714917229,-0.000405122770843949,0.000867530955131239,-0.000405462665061635
4.29,0.000802297082272948,-0.000374940706962407,0.000802917834834549,-0.000375230805741821
4.35,0.000742576549368506,-0.000347002774208679,0.000743106910818604,-0.000347250609795022
4.41,0.00068728971275352,-0.000321143056935507,0.000687742744345438,-0.000321354740520489
4.47,0.000636109085953872,-0.00029720746552148,0.0006364959717374,-0.000297388229081862
4.53,0.000588731663728019,-0.000275053516538533,0.000589061413426673,-0.000275207574524166
4.59,0.000544875009914234,-0.00025454846029789,0.000545156433561016,-0.000254679932570753
4.65,0.00050427907538513,-0.000235570144060445,0.00050451918545295,-0.000235682309656893
4.71,0.000466702755025568,-0.000218005363039869,0.000466907102235688,-0.000218100817346167
4.77,0.000431921370699838,-0.000201748664755998,0.000432095578576326,-0.000201830036526083
4.83,0.000399728130851529,-0.000186703038966766,0.000399876589957561,-0.000186772380511978
4.89,0.000369931012417083,-0.000172778434065816,0.000370057478519368,-0.000172837500795509
4.95,0.00034235246725249,-0.000159891617442442,0.000342459823704861,-0.000159941756987076
5.01,0.000316827112654808,-0.000147965076242441,0.000316918462874048,-0.000148007738759677
5.07,0.00029320275863175,-0.000136927510131134,0.000293280449127662,-0.000136963792075464
5.13,0.000271338380106524,-0.000126712865134896,0.000271404154805112,-0.000126743581395928
5.19,0.000251102631810223,-0.000117259631793308,0.000251158488893496,-0.000117285715872836
5.25,0.000232374677282152,-0.000108511240482584,0.000232422079890796,-0.000108533375923184
5.31,0.000215042359611442,-0.000100415194516736,0.000215082557666753,-0.000100433965216381
5.37,0.000199002016646179,-9.29229843816808E-05,0.00019903588654373,-9.29387997589024E-05
5.43,0.000184157126856686,-8.59894457569445E-05,0.0001841857872874,-8.60028283210316E-05
5.49,0.000170418896180457,-7.95730425545804E-05,0.000170443124011891,-7.95843551631285E-05
5.55,0.000157705070960708,-7.36353028701363E-05,0.000157725376946286,-7.36447840960029E-05
5.61,0.000145939067536153,-6.81404089561868E-05,0.00014595618216074,-6.81483999454275E-05
5.67,0.000135050447357079,-6.30554248016506E-05,0.000135064851912431,-6.3062150328108E-05
5.73,0.000124973848442305,-5.83497909181259E-05,0.000124985953199163,-5.83554425807784E-05
5.79,0.000115648873131491,-5.39952728883621E-05,0.000115658916649075,-5.39999621037261E-05
5.85,0.000107019297141949,-4.99655873386111E-05,0.000107027697534602,-4.99695093467343E-05
5.91,9.90334069477562E-05,-4.6236565079703E-05,9.90404169882663E-05,-4.62398379166602E-05
5.97,9.16433070475485E-05,-4.27858225599703E-05,9.16490534024177E-05,-4.27885053802189E-05
6.03,8.48044117081894E-05,-3.95925230889951E-05,8.48091730704523E-05,-3.95947460198725E-05
6.09,7.8475718717664E-05,-3.66375080281963E-05,7.84796499228169E-05,-3.6639343367365E-05
6.15,7.26191866641735E-05,-3.39030028843185E-05,7.26224191927358E-05,-3.39045120230215E-05
6.21,6.71996680544136E-05,-3.13725870173322E-05,6.72022489854512E-05,-3.13737919411943E-05
6.27,6.21844485072361E-05,-2.90309756046275E-05,6.21865423359361E-05,-2.90319531141395E-05
6.33,5.75434413529483E-05,-2.68641144157577E-05,5.75451277888035E-05,-2.68649017271298E-05
6.39,5.32487842541993E-05,-2.48589884734727E-05,5.32500794011032E-05,-2.48595931077833E-05
6.45,4.92745431155348E-05,-2.30034829104952E-05,4.92755596183922E-05,-2.30039574578909E-05
6.51,4.55968701543234E-05,-2.12864592259839E-05,4.55976557911114E-05,-2.1286825992944E-05
6.57,4.21936416534551E-05,-1.96975842431073E-05,4.2194236690299E-05,-1.96978620287618E-05
6.63,3.90444184449988E-05,-1.82273121712732E-05,3.90448193171258E-05,-1.82274993125265E-05
6.69,3.61301778935023E-05,-0.0000168667581259,3.61304536602845E-05,-1.6866886862925E-05
6.75,3.34334259633448E-05,-1.56077527392706E-05,3.34336002482243E-05,-1.5607834100819E-05
6.81,3.09379630639738E-05,-1.44427309256058E-05,3.09380258104309E-05,-1.44427602174565E-05
6.87,2.86286865559258E-05,-1.33646393576479E-05,2.86287138757521E-05,-1.33646521112761E-05
6.93,2.64917433319848E-05,-1.23670091740189E-05,2.64917667255513E-05,-1.23670200947215E-05
6.99,2.45143009242855E-05,-1.14438483178291E-05,2.45143209558393E-05,-1.14438576690264E-05
7.05,2.26844553656579E-05,-1.05895980523943E-05,2.26844725183606E-05,-1.05896060596497E-05
7.11,2.09911908937848E-05,-9.79911464769284E-06,2.09912055813639E-05,-9.79912150415336E-06
7.17,1.94243137515108E-05,-9.06763827307587E-06,1.94243263282377E-05,-9.06764414413067E-06
7.23,1.79743909086504E-05,-8.39076445349855E-06,1.79744016778844E-05,-8.39076948076797E-06
7.29,1.66326932409191E-05,-7.76441737194051E-06,1.66327024624235E-05,-7.76442167669185E-06
7.35,1.53911430949624E-05,-7.18482545069291E-06,1.53911509911695E-05,-7.18482913676543E-06
7.41,1.42422656291115E-05,-6.648498692758E-06,1.42422723904875E-05,-6.64850184906758E-06
7.47,1.31791438460385E-05,-6.15220754810836E-06,1.31791496356772E-05,-6.15221025079215E-06
7.53,1.21953769736753E-05,-5.69296354333987E-06,1.21953819312315E-05,-5.69296585759278E-06
7.59,1.12850419513392E-05,-5.26800130595887E-06,1.12850461963975E-05,-5.26800328760615E-06
7.65,1.04426577912016E-05,-4.87476178059742E-06,1.04426614261604E-05,-4.87476347744118E-06
7.71,9.66315255691468E-06,-4.51087705397376E-06,9.66315566945641E-06,-4.51087850694607E-06
7.77,8.94183286727828E-06,-4.17415586929913E-06,8.94183553248377E-06,-4.17415711344933E-06
7.83,8.27435564066953E-06,-3.86257060331393E-06,8.27435792282935E-06,-3.8625716686541E-06
7.89,7.65670197511449E-06,-3.57424488792974E-06,7.65670392927959E-06,-3.57424580015861E-06
7.95,7.08515287981254E-06,-3.30744255252744E-06,7.08515455312209E-06,-3.30744333365035E-06
8.01,6.55626697148862E-06,-3.06055693126422E-06,6.55626840430707E-06,-3.06055760012388E-06
8.07,6.06685973350078E-06,-2.83210130054697E-06,6.06686096039149E-06,-2.83210187327799E-06
8.13,5.61398434628997E-06,-2.62069985140638E-06,5.61398539684891E-06,-2.6207003418245E-06
8.19,5.19491392522709E-06,-2.4250795935003E-06,5.19491482479673E-06,-2.42508001343565E-06
8.25,4.80712510240481E-06,-2.24406253476853E-06,4.80712587268544E-06,-2.244062894351E-06
8.31,4.44828293262173E-06,-2.07655854158275E-06,4.4482835921949E-06,-2.07655884948635E-06
8.36999999999999,4.11622666916158E-06,-1.92155891174178E-06,4.1162272339383E-06,-1.92155917539386E-06
8.43,3.80895691166765E-06,-1.77813024324089E-06,3.8089573952722E-06,-1.77813046900135E-06
8.49,3.52462347515732E-06,-1.64540872430183E-06,3.52462388925591E-06,-1.64540891761651E-06
8.55,3.26151426844252E-06,-1.52259513210926E-06,3.2615146230247E-06,-1.52259529764129E-06
8.61,3.01804502464913E-06,-1.40894984382232E-06,3.01804532826872E-06,-1.40894998556467E-06
8.67,2.79274969814025E-06,-1.30378849551894E-06,2.79274995812173E-06,-1.30378861689067E-06
8.73,2.58427170036439E-06,-1.20647772626097E-06,2.58427192297956E-06,-1.20647783018977E-06
8.79,2.39135568628529E-06,-1.11643152957333E-06,2.39135587690455E-06,-1.1164316185661E-06
8.85,2.2128400289755E-06,-1.03310763333428E-06,2.21284019219742E-06,-1.03310770953763E-06
8.91,2.04764981198533E-06,-9.56004151000394E-07,2.04764995174757E-06,-9.56004216252412E-07
8.97,1.89479035039116E-06,-8.84656807823684E-07,1.89479047006545E-06,-8.84656863698292E-07
9.03,1.7533411793507E-06,-8.18635847250343E-07,1.75334128182416E-06,-8.18635895095249E-07
9.09,1.62245060625759E-06,-7.57543710693265E-07,1.62245069400241E-06,-7.57543751662487E-07
9.15,1.50133042677502E-06,-7.01012466305626E-07,1.50133050190809E-06,-7.01012501387322E-07
9.21,1.38925137700108E-06,-6.48701598132234E-07,1.38925144133503E-06,-6.48701628172541E-07
9.27,1.28553853981223E-06,-6.0029607870577E-07,1.28553859489919E-06,-6.00296104429219E-07
9.33,1.18956740650832E-06,-5.55504372832028E-07,1.18956745367733E-06,-5.55504394859016E-07
9.39,1.10076011322795E-06,-5.14056692422805E-07,1.10076015361703E-06,-5.14056711284569E-07
9.45,1.01858190018199E-06,-4.75703405200812E-07,1.01858193476561E-06,-4.75703421352237E-07
9.51,9.42537902911129E-07,-4.40213508199143E-07,9.42537932523711E-07,-4.40213522029737E-07
9.57,8.72170240616715E-07,-4.07373259177773E-07,8.72170265972739E-07,-4.07373271021065E-07
9.63,8.07055298903873E-07,-3.76984852586862E-07,8.07055320615143E-07,-3.76984862728447E-07
9.69,7.46800831251367E-07,-3.48865241297382E-07,7.46800849841746E-07,-3.48865249981809E-07
9.75,6.91043881755808E-07,-3.22845015022994E-07,6.9104389767386E-07,-3.22845022459661E-07
9.81,6.39449153464674E-07,-2.98767570266758E-07,6.39449167094512E-07,-2.98767576634979E-07
9.87,5.91705974460079E-07,-2.76487668892146E-07,5.91705986130609E-07,-2.76487674345458E-07
9.93,5.47526218448404E-07,-2.55871336876296E-07,5.47526228441235E-07,-2.55871341546171E-07
9.99,5.06644147456226E-07,-2.36794244739189E-07,5.06644156012501E-07,-2.36794248738203E-07
10.05,4.68813976407777E-07,-2.19141517228176E-07,4.68813983733994E-07,-2.19141520652729E-07
10.11,4.33807708548931E-07,-2.02806822305345E-07,4.33807714821901E-07,-2.02806825237983E-07
10.17,4.01414447397342E-07,-1.87691723314479E-07,4.0141445276846E-07,-1.87691725825884E-07
10.23,3.71439140803528E-07,-1.73705185007034E-07,3.71439145402429E-07,-1.7370518715773E-07
10.29,3.43701307541533E-07,-1.60762974298974E-07,3.43701311479219E-07,-1.60762976140789E-07
10.35,3.18033967033262E-07,-1.4878708937119E-07,3.18033970404781E-07,-1.48787090948501E-07
10.41,2.94282547233273E-07,-1.37705391214826E-07,2.94282550120014E-07,-1.37705392565636E-07
10.47,2.72304058988279E-07,-1.27451170395674E-07,2.72304061459929E-07,-1.27451171552523E-07
10.53,2.51966148083134E-07,-1.17962555913416E-07,2.51966150199366E-07,-1.17962556904169E-07
10.59,2.33146352603317E-07,-1.09182507099371E-07,2.33146354415224E-07,-1.09182507947887E-07
10.65,2.15731384324926E-07,-1.01057943104927E-07,2.1573138587626E-07,-1.01057943831639E-07
10.71,1.99616353316579E-07,-9.35400789547002E-08,1.99616354644802E-07,-9.35400795771045E-08
10.77,1.847041978572E-07,-8.65835590849017E-08,1.84704198994388E-07,-8.65835596179799E-08
10.83,1.70905153670257E-07,-8.01464492431808E-08,1.70905154643875E-07,-8.01464496997621E-08
10.89,1.58136133606443E-07,-7.41899935541865E-08,1.58136134440011E-07,-7.41899939452571E-08
10.95,1.46320255852664E-07,-6.86782744124916E-08,1.46320256566318E-07,-6.8678274747459E-08
11.01,1.35386376509931E-07,-6.35780950637692E-08,1.35386377120913E-07,-6.35780953506895E-08
11.07,1.25268681145139E-07,-5.88587447688856E-08,1.25268681668214E-07,-5.88587450146575E-08
11.13,1.15906195527784E-07,-5.44917720659308E-08,1.15906195975592E-07,-5.44917722764619E-08
11.19,1.0724258904995E-07,-5.04508106677561E-08,1.07242589433315E-07,-5.04508108481052E-08
11.25,9.92256745426228E-08,-4.67116361453646E-08,9.92256748708139E-08,-4.67116362998644E-08
11.31,9.18072007751911E-08,-4.32515504986306E-08,9.18072010561431E-08,-4.32515506309907E-08
11.37,8.49424614822571E-08,-4.00498153850286E-08,8.49424617227645E-08,-4.00498154984262E-08
11.43,7.85901446527415E-08,-3.70871784010704E-08,7.85901448586219E-08,-3.70871784982266E-08
11.49,7.27120332934637E-08,-3.43456261006719E-08,7.27120334696984E-08,-3.43456261839166E-08
11.55,6.72727061928542E-08,-3.18087443443929E-08,6.72727063437081E-08,-3.18087444157215E-08
11.61,6.22394287102613E-08,-2.94612486299512E-08,6.22394288393862E-08,-2.9461248691073E-08
11.67,5.75819125132928E-08,-2.72889921896937E-08,5.75819126238154E-08,-2.72889922420721E-08
11.73,5.32720687626364E-08,-2.52788283287121E-08,5.32720688572335E-08,-2.52788283736007E-08
11.79,4.92839251120212E-08,-2.34187440374159E-08,4.92839251929847E-08,-2.34187440758882E-08
11.85,4.55935317872307E-08,-2.16974267620597E-08,4.55935318565231E-08,-2.16974267950351E-08
11.91,4.21786557976764E-08,-2.01045275812719E-08,4.21786558569777E-08,-2.0104527609538E-08
11.97,3.90187175943187E-08,-1.86305275931523E-08,3.90187176450673E-08,-1.86305276173836E-08
12.03,3.60946862278071E-08,-1.72664747384915E-08,3.60946862712347E-08,-1.72664747592658E-08
12.09,3.33889723224499E-08,-1.6004113364579E-08,3.33889723596106E-08,-1.6004113382391E-08
12.15,3.08852489715822E-08,-1.48359571048151E-08,3.08852490033788E-08,-1.48359571200888E-08
12.21,2.85684713952388E-08,-1.37548839914591E-08,2.85684714224441E-08,-1.37548840045576E-08
12.27,2.64246432305436E-08,-1.27544198765995E-08,2.6424643253819E-08,-1.27544198878338E-08
12.33,2.44409606888657E-08,-1.18284712065635E-08,2.44409607087777E-08,-1.18284712162001E-08
12.39,2.26053647945589E-08,-1.0971551758695E-08,2.26053648115924E-08,-1.09715517669622E-08
12.45,2.09068537256109E-08,-1.01784263406006E-08,2.09068537401808E-08,-1.01784263476939E-08
12.51,1.93351508150509E-08,-9.44445899309063E-09,1.93351508275125E-08,-9.44445899917763E-09
12.57,1.7880877102763E-08,-8.76507853907915E-09,1.78808771134205E-08,-8.76507854430339E-09
12.63,1.6535236810519E-08,-8.13621586171193E-09,1.65352368196328E-08,-8.13621586619641E-09
12.69,1.52900675785589E-08,-7.55414599834686E-09,1.52900675863518E-08,-7.55414600219697E-09
12.75,1.41379212809876E-08,-7.01540716310232E-09,1.41379212876503E-08,-7.01540716640843E-09
12.81,1.30718521582663E-08,-6.51667928069162E-09,1.3071852163962E-08,-6.51667928353112E-09
12.87,1.20855216588261E-08,-6.05498238112472E-09,1.20855216636948E-08,-6.05498238356398E-09
12.93,1.11728555195188E-08,-5.62756323128903E-09,1.11728555236799E-08,-5.6275632333849E-09
12.99,1.03284107113368E-08,-5.2318426996086E-09,1.03284107148927E-08,-5.23184270140982E-09
13.05,9.54705654607797E-09,-4.86536716957578E-09,9.54705654911618E-09,-4.8653671711241E-09
13.11,8.82408825477526E-09,-4.52615269383935E-09,8.82408825737074E-09,-4.52615269517066E-09
13.17,8.15522043508168E-09,-4.2119885882656E-09,8.1552204372986E-09,-4.21198858941059E-09
13.23,7.53636644697939E-09,-3.92102046945865E-09,7.53636644887261E-09,-3.92102047044366E-09
13.29,6.96379130682865E-09,-3.6516409352203E-09,6.96379130844513E-09,-3.65164093606794E-09
13.35,6.43411823996209E-09,-3.40210087286381E-09,6.43411824134202E-09,-3.40210087359346E-09
13.41,5.94404255037402E-09,-3.17093459073859E-09,5.94404255155174E-09,-3.17093459136686E-09
13.47,5.49067454024089E-09,-2.95675332577136E-09,5.4906745412458E-09,-2.95675332631252E-09
13.53,5.07126211641511E-09,-2.75824119459224E-09,5.07126211727237E-09,-2.7582411950585E-09
13.59,4.68324321124058E-09,-2.57439002809001E-09,4.68324321197167E-09,-2.5743900284919E-09
13.65,4.32429383496677E-09,-2.40400540906589E-09,4.32429383559009E-09,-2.40400540941241E-09
13.71,3.99230404953719E-09,-2.24599414212141E-09,3.99230405006847E-09,-2.2459941424203E-09
13.77,3.68519231151948E-09,-2.09955455062553E-09,3.68519231197217E-09,-2.09955455088344E-09
13.83,3.40110423437565E-09,-1.9637877850331E-09,3.40110423476123E-09,-1.96378778525573E-09
13.89,3.13836453604273E-09,-1.83785977775094E-09,3.13836453637104E-09,-1.8378597779432E-09
13.95,2.8953569078878E-09,-1.72098504765038E-09,2.89535690816723E-09,-1.72098504781648E-09
14.01,2.67064196154932E-09,-1.61257245944652E-09,2.67064196178707E-09,-1.61257245959008E-09
14.07,2.46283491369192E-09,-1.51195799816773E-09,2.46283491389411E-09,-1.51195799829185E-09
14.13,2.27065582262352E-09,-1.4186072127384E-09,2.27065582279538E-09,-1.41860721284577E-09
14.19,2.09295798290478E-09,-1.33189252803713E-09,2.0929579830508E-09,-1.33189252813005E-09
14.25,1.92864929412007E-09,-1.25132807945279E-09,1.92864929424406E-09,-1.25132807953323E-09
14.31,1.77677307630592E-09,-1.17646039334926E-09,1.77677307641115E-09,-1.17646039341894E-09
14.37,1.63635736009631E-09,-1.10692102239678E-09,1.63635736018557E-09,-1.10692102245715E-09
14.43,1.50658307018276E-09,-1.04220790650219E-09,1.50658307025842E-09,-1.04220790655452E-09
14.49,1.38663113125893E-09,-9.8198903818309E-10,1.38663113132302E-09,-9.81989038228479E-10
14.55,1.2757720202525E-09,-9.2596480093129E-10,1.27577202030676E-09,-9.25964800970668E-10
14.61,1.17333518751394E-09,-8.73859871469327E-10,1.17333518755983E-09,-8.73859871503505E-10
14.67,1.07869595161152E-09,-8.25297704729092E-10,1.0786959516503E-09,-8.25297704758767E-10
14.73,9.9127549933112E-10,-7.80011075177788E-10,9.91275499363874E-10,-7.80011075203562E-10
14.79,9.1054088567609E-10,-7.37716561796543E-10,9.10540885703726E-10,-7.37716561818934E-10
14.85,8.35970086654542E-10,-6.98361529251156E-10,8.35970086677837E-10,-6.98361529270616E-10
14.91,7.67141551511333E-10,-6.61545139245655E-10,7.6714155153095E-10,-6.61545139262571E-10
14.97,7.03596598078635E-10,-6.27154023371764E-10,7.03596598095137E-10,-6.27154023386473E-10
15.03,6.44942070212641E-10,-5.95026226761653E-10,6.44942070226506E-10,-5.95026226774445E-10
15.09,5.90848153592685E-10,-5.6490262162811E-10,5.90848153604321E-10,-5.64902621639236E-10
15.15,5.40926060477372E-10,-5.36730572638361E-10,5.40926060487125E-10,-5.36730572648038E-10
15.21,4.94918055172573E-10,-5.10303587337069E-10,4.94918055180738E-10,-5.10303587345487E-10
15.27,4.52476849752381E-10,-4.85552834905184E-10,4.52476849759205E-10,-4.85552834912507E-10
15.33,4.13394945141175E-10,-4.62263725144383E-10,4.13394945146871E-10,-4.62263725150753E-10
15.39,3.77379658433053E-10,-4.40411964824022E-10,3.773796584378E-10,-4.40411964829563E-10
15.45,3.44214753749655E-10,-4.19803208104263E-10,3.44214753753604E-10,-4.1980320810908E-10
15.51,3.13694916216678E-10,-4.00429357241242E-10,3.13694916219959E-10,-4.00429357245429E-10
15.57,2.85601725755266E-10,-3.82213483673123E-10,2.85601725757985E-10,-3.82213483676762E-10
15.63,2.59786656711676E-10,-3.64904557357234E-10,2.59786656713926E-10,-3.64904557360394E-10
15.69,2.36064052018977E-10,-3.4862809331432E-10,2.36064052020835E-10,-3.48628093317064E-10
15.75,2.14254807212669E-10,-3.3324238103634E-10,2.142548072142E-10,-3.3324238103872E-10
15.81,1.94267185859565E-10,-3.18585465657066E-10,1.94267185860823E-10,-3.18585465659129E-10
15.87,1.75935188699979E-10,-3.04738324609218E-10,1.75935188701011E-10,-3.04738324611005E-10
15.93,1.59132132088339E-10,-2.91583540614771E-10,1.59132132089183E-10,-2.91583540616317E-10
15.99,1.43729148178336E-10,-2.79117064801882E-10,1.43729148179024E-10,-2.79117064803219E-10
16.05,1.29673816151026E-10,-2.67197186662699E-10,1.29673816151586E-10,-2.67197186663854E-10
16.11,1.16824162955484E-10,-2.55803661838837E-10,1.16824162955939E-10,-2.55803661839833E-10
16.17,1.05114662568142E-10,-2.44968881303346E-10,1.0511466256851E-10,-2.44968881304204E-10
16.23,9.44251839459351E-11,-2.34624014238096E-10,9.44251839462323E-11,-2.34624014238835E-10
16.29,8.46814642622162E-11,-2.24760962899689E-10,8.46814642624552E-11,-2.24760962900323E-10
16.35,7.58594773083061E-11,-2.15229919037074E-10,7.58594773084979E-11,-2.15229919037618E-10
16.41,6.78565656474399E-11,-2.06107811211476E-10,6.78565656475934E-11,-2.06107811211942E-10
16.47,6.06246768623794E-11,-1.97362248449644E-10,6.06246768625019E-11,-1.97362248450043E-10
16.53,5.40742587210684E-11,-1.88920351061863E-10,5.40742587211659E-11,-1.88920351062204E-10
16.59,4.81943902195561E-11,-1.80802363406314E-10,4.81943902196336E-11,-1.80802363406604E-10
16.65,4.2917361133608E-11,-1.7295969902318E-10,4.29173611336694E-11,-1.72959699023428E-10
16.71,3.81820138413381E-11,-1.65400455655712E-10,3.81820138413866E-11,-1.65400455655923E-10
16.77,3.3966506334913E-11,-1.58108437817282E-10,3.39665063349515E-11,-1.58108437817461E-10
16.83,3.02446282049429E-11,-1.51039107919737E-10,3.02446282049734E-11,-1.51039107919889E-10
16.89,2.69574060303374E-11,-1.44200563706339E-10,2.69574060303616E-11,-1.44200563706468E-10
16.95,2.40589715946921E-11,-1.37556365332238E-10,2.40589715947114E-11,-1.37556365332348E-10
17.01,2.15384038940904E-11,-1.31074121824233E-10,2.15384038941058E-11,-1.31074121824327E-10
17.07,1.9371676719936E-11,-1.24794321898772E-10,1.93716767199485E-11,-1.24794321898853E-10
17.13,1.75238428597339E-11,-1.18692672325953E-10,1.75238428597441E-11,-1.18692672326022E-10
17.19,1.59621393017712E-11,-1.12752977619169E-10,1.59621393017797E-11,-1.12752977619229E-10
17.25,1.46887502468203E-11,-1.06967140035112E-10,1.46887502468275E-11,-1.06967140035164E-10
17.31,1.36534390769299E-11,-1.01355403931999E-10,1.36534390769361E-11,-1.01355403932045E-10
17.37,1.2849653189754E-11,-9.58975249515831E-11,1.28496531897595E-11,-9.58975249516241E-11
17.43,1.22642873806067E-11,-9.05003790459791E-11,1.22642873806117E-11,-9.05003790460162E-11
17.49,1.18580260354411E-11,-8.52327970331692E-11,1.18580260354458E-11,-8.52327970332029E-11
17.55,1.16417901581548E-11,-8.00988277847895E-11,1.16417901581593E-11,-8.00988277848206E-11
17.61,1.15740799339225E-11,-7.50620314560116E-11,1.15740799339269E-11,-7.50620314560406E-11
17.67,1.16461585596215E-11,-7.01709945065872E-11,1.16461585596261E-11,-7.01709945066144E-11
17.73,1.18645786375908E-11,-6.53285440169919E-11,1.18645786375955E-11,-6.53285440170177E-11
17.79,1.22642873803105E-11,-6.06359017783826E-11,1.22642873803156E-11,-6.06359017784075E-11
17.85,1.27732061620355E-11,-5.60161392294683E-11,1.27732061620409E-11,-5.60161392294921E-11
17.91,1.34109927897856E-11,-5.14611586269495E-11,1.34109927897916E-11,-5.14611586269725E-11
17.97,1.41077528385969E-11,-4.70559862753967E-11,1.41077528386035E-11,-4.70559862754189E-11
18.03,1.49049861232906E-11,-4.26346184372992E-11,1.4904986123298E-11,-4.26346184373204E-11
18.09,1.57502718251442E-11,-3.83468633635722E-11,1.57502718251525E-11,-3.83468633635924E-11
18.15,1.66785571566389E-11,-3.41886721825651E-11,1.66785571566482E-11,-3.41886721825841E-11
18.21,1.76592633068536E-11,-3.00304810015883E-11,1.7659263306864E-11,-3.0030481001606E-11
18.27,1.86836534726682E-11,-2.60018537133247E-11,1.86836534726798E-11,-2.60018537133409E-11
18.33,1.97189646423815E-11,-2.20096662699026E-11,1.97189646423944E-11,-2.20096662699171E-11
18.39,2.0850380646416E-11,-1.81187006176621E-11,2.08503806464305E-11,-1.81187006176747E-11
18.45,2.2075717283992E-11,-1.42682236819045E-11,2.20757172840083E-11,-1.4268223681915E-11
18.51,2.33185275278073E-11,-1.05189685373228E-11,2.33185275278255E-11,-1.0518968537331E-11
18.57,2.45919165825425E-11,-6.83449533909712E-12,2.45919165825627E-11,-6.83449533910272E-12
18.63,2.5906805452098E-11,-3.1864619857004E-12,2.59068054521204E-11,-3.18646198570315E-12
18.69,2.72522731325737E-11,4.04887164637444E-13,2.72522731325984E-11,4.04887164637811E-13
18.75,2.86152144192893E-11,3.91121001039373E-12,2.86152144193166E-11,3.91121001039746E-12
18.81,3.00240239223854E-11,7.37704413968023E-12,3.00240239224154E-11,7.37704413968762E-12
18.87,3.12952287763389E-11,1.06606790448757E-11,3.12952287763716E-11,1.06606790448868E-11
18.93,3.26472490591546E-11,1.39240695918364E-11,3.26472490591901E-11,1.39240695918516E-11
18.99,3.40800847708326E-11,1.72441443418448E-11,3.40800847708713E-11,1.72441443418644E-11
19.05,3.54976310770513E-11,2.04346551991695E-11,3.54976310770933E-11,2.04346551991937E-11
19.11,3.69086247809312E-11,2.3544188623568E-11,3.69086247809766E-11,2.35441886235969E-11
19.17,3.83414604926129E-11,2.66820641494932E-11,3.8341460492662E-11,2.66820641495273E-11
19.23,3.97590067988363E-11,2.96620336812138E-11,3.9759006798889E-11,2.96620336812532E-11
19.29,4.11831057074017E-11,3.26581986995242E-11,4.11831057074582E-11,3.26581986995691E-11
19.35,4.26093888167494E-11,3.556528854162E-11,4.26093888168099E-11,3.55652885416705E-11
19.41,4.40181983198592E-11,3.83914009507946E-11,4.40181983199238E-11,3.83914009508509E-11
19.47,4.54357446260918E-11,4.11972690017442E-11,4.54357446261606E-11,4.11972690018066E-11
19.53,4.68489225307669E-11,4.39019152615423E-11,4.68489225308401E-11,4.39019152616108E-11
19.59,4.82686530377852E-11,4.66065615213487E-11,4.82686530378629E-11,4.66065615214237E-11
19.65,4.96315943245262E-11,4.92423769631761E-11,4.96315943246083E-11,4.92423769632576E-11
19.71,5.10360354260911E-11,5.18174593303176E-11,5.10360354261779E-11,5.18174593304058E-11
19.77,5.23924241104991E-11,5.4271075548078E-11,5.23924241105906E-11,5.42710755481727E-11
19.83,5.37466285941307E-11,5.67530338673736E-11,5.3746628594227E-11,5.67530338674752E-11
19.89,5.51139382824464E-11,5.91985523418629E-11,5.51139382825477E-11,5.91985523419717E-11
19.95,5.64331955536056E-11,6.15185557953258E-11,5.64331955537118E-11,6.15185557954415E-11
20.01,5.77524528247689E-11,6.38304615055078E-11,5.77524528248801E-11,6.38304615056307E-11
20.07,5.90651574935966E-11,6.60694875260669E-11,5.90651574937129E-11,6.6069487526197E-11
20.13,6.03582043554086E-11,6.82437316002962E-11,6.035820435553E-11,6.82437316004335E-11
20.19,6.16294092094246E-11,7.03977313163061E-11,6.16294092095512E-11,7.03977313164507E-11
20.25,6.28984298626654E-11,7.24788513426936E-11,6.28984298627973E-11,7.24788513428456E-11
20.31,6.41259507010905E-11,7.45113849093375E-11,6.41259507012276E-11,7.45113849094968E-11
20.37,6.53469189371803E-11,7.65034297595305E-11,6.53469189373227E-11,7.65034297596971E-11
20.43,6.65700713740552E-11,7.84630836365655E-11,6.65700713742029E-11,7.84630836367397E-11
20.49,6.77517239961145E-11,8.03336623373927E-11,6.77517239962675E-11,8.03336623375741E-11
20.55,6.89115346103787E-11,8.21597034501228E-11,6.8911534610537E-11,8.21597034503116E-11
20.61,7.00888188308886E-11,8.39290603598163E-11,7.00888188310523E-11,8.39290603600124E-11
20.67,7.12180506342427E-11,8.56822217829377E-11,7.12180506344118E-11,8.56822217831411E-11
20.73,7.23494666383823E-11,8.74029922329014E-11,7.23494666385568E-11,8.74029922331122E-11
20.79,7.34459354300464E-11,8.90306386350096E-11,7.34459354302262E-11,8.90306386352276E-11
20.85,7.4538035820156E-11,9.06299429356064E-11,7.45380358203412E-11,9.06299429358316E-11
20.91,7.55711627892098E-11,9.21604164182264E-11,7.55711627894001E-11,9.21604164184585E-11
20.97,7.66064739590492E-11,9.36342056978089E-11,7.66064739592448E-11,9.3634205698048E-11
21.03,7.76396009281143E-11,9.50958483624656E-11,7.76396009283152E-11,9.50958483627117E-11
21.09,7.86290438815837E-11,9.65291489256102E-11,7.86290438817898E-11,9.65291489258632E-11
21.15,7.96163026342786E-11,9.78814720558372E-11,7.96163026344899E-11,9.7881472056097E-11
21.21,8.05926403830788E-11,9.92216485711379E-11,8.05926403832954E-11,9.92216485714045E-11
21.27,8.15252941162832E-11,1.00488945396813E-10,8.15252941165047E-11,1.00488945397086E-10
21.33,8.24623162510533E-11,1.0168741140451E-10,8.246231625128E-11,1.01687411404789E-10
21.39,8.33491017678872E-11,1.02877779668925E-10,8.33491017681188E-11,1.02877779669211E-10
21.45,8.42271504816065E-11,1.04007414858655E-10,8.4227150481843E-11,1.04007414858947E-10
21.51,8.51008307937714E-11,1.05100610203577E-10,8.51008307940128E-11,1.05100610203875E-10
21.57,8.59395638934606E-11,1.06189756676865E-10,8.59395638937068E-11,1.06189756677169E-10
21.63,8.67804811939354E-11,1.07246512176991E-10,8.67804811941865E-11,1.07246512177302E-10
21.69,8.75842670811542E-11,1.0820609475761E-10,8.75842670814099E-11,1.08206094757926E-10
21.75,8.83662109605772E-11,1.0912923749342E-10,8.83662109608375E-11,1.09129237493741E-10
21.81,8.9111023426744E-11,1.09983549411246E-10,8.91110234270087E-11,1.09983549411573E-10
21.87,8.98689410975972E-11,1.10894545532139E-10,8.98689410978664E-11,1.10894545532471E-10
21.93,9.06115693629951E-11,1.11777199551515E-10,9.06115693632688E-11,1.11777199551853E-10
21.99,9.13148820143562E-11,1.12542436293147E-10,9.13148820146341E-11,1.12542436293489E-10
22.05,9.19788790516803E-11,1.1324289108844E-10,9.19788790519623E-11,1.13242891088787E-10
22.11,9.26712706991516E-11,1.13967639113624E-10,9.26712706994378E-11,1.13967639113976E-10
22.17,9.33265309333658E-11,1.1467619165223E-10,9.33265309336561E-11,1.14676191652587E-10
22.23,9.39533965574432E-11,1.15295669014616E-10,9.39533965577374E-11,1.15295669014977E-10
22.29,9.45911831854267E-11,1.15919195248658E-10,9.4591183185725E-11,1.15919195249024E-10
22.35,9.51918384001528E-11,1.16502232766241E-10,9.51918384004549E-11,1.16502232766611E-10
22.41,9.57422569969402E-11,1.17004292850894E-10,9.57422569972457E-11,1.17004292851268E-10
22.47,9.63167018023143E-11,1.17554939395319E-10,9.63167018026235E-11,1.17554939395696E-10
22.53,9.68627519975509E-11,1.18012461891872E-10,9.68627519978636E-11,1.18012461892253E-10
22.59,9.74044337912321E-11,1.18506424233256E-10,9.74044337915484E-11,1.18506424233641E-10
22.65,9.79177209747757E-11,1.18923458013355E-10,9.79177209750953E-11,1.18923458013743E-10
22.71,9.83764031388195E-11,1.19259514360523E-10,9.83764031391421E-11,1.19259514360914E-10
22.77,9.88744009169105E-11,1.19664401525694E-10,9.88744009172364E-11,1.19664401526089E-10
22.83,9.92828464630184E-11,1.19947822541463E-10,9.9282846463347E-11,1.1994782254186E-10
22.89,9.97327918239539E-11,1.20227194685591E-10,9.97327918242854E-11,1.2022719468599E-10
22.95,1.0014123737007E-10,1.20522762316311E-10,1.00141237370404E-10,1.20522762316714E-10
23.01,1.00543130313849E-10,1.20725205899156E-10,1.00543130314186E-10,1.20725205899561E-10
23.07,1.00947207458412E-10,1.20984333685064E-10,1.00947207458752E-10,1.20984333685471E-10
23.13,1.01303232185815E-10,1.211422396798E-10,1.01303232186157E-10,1.21142239680209E-10
23.19,1.01654888511661E-10,1.21324438904423E-10,1.01654888512005E-10,1.21324438904834E-10
23.25,1.01962860821906E-10,1.21429709567755E-10,1.01962860822252E-10,1.21429709568168E-10
23.31,1.02283938336835E-10,1.21579517819209E-10,1.02283938337184E-10,1.21579517819623E-10
23.37,1.02591910647086E-10,1.21696935097488E-10,1.02591910647437E-10,1.21696935097904E-10
23.43,1.02854014740956E-10,1.21725277199534E-10,1.02854014741309E-10,1.21725277199952E-10
23.49,1.03113934634049E-10,1.21802205761349E-10,1.03113934634403E-10,1.21802205761767E-10
23.55,1.0334764411778E-10,1.21830547863399E-10,1.03347644118136E-10,1.21830547863819E-10
23.61,1.03570432597614E-10,1.21862938837099E-10,1.03570432597972E-10,1.2186293883752E-10
23.67,1.0378448427433E-10,1.21806254634563E-10,1.03784484274689E-10,1.21806254634985E-10
23.73,1.03952667734662E-10,1.21773863661911E-10,1.03952667735023E-10,1.21773863662333E-10
23.79,1.04131772198897E-10,1.21737423817612E-10,1.04131772199259E-10,1.21737423818035E-10
23.85,1.04297771458454E-10,1.21688837358374E-10,1.04297771458816E-10,1.21688837358797E-10
23.91,1.04417902501628E-10,1.21603811054311E-10,1.04417902501991E-10,1.21603811054735E-10
23.97,1.04572980757288E-10,1.21474247162129E-10,1.04572980757652E-10,1.21474247162553E-10
24.03,1.04688743398904E-10,1.21336585526653E-10,1.04688743399269E-10,1.21336585527076E-10
24.09,1.04769558828037E-10,1.21174630661291E-10,1.04769558828403E-10,1.21174630661714E-10
24.15,1.0483726905249E-10,1.21093653228875E-10,1.04837269052856E-10,1.21093653229299E-10
24.21,1.04942110690208E-10,1.20955991593396E-10,1.04942110690575E-10,1.20955991593819E-10
24.27,1.04963952698277E-10,1.20725205910028E-10,1.04963952698644E-10,1.2072520591045E-10
24.33,1.04985794706348E-10,1.20498469098306E-10,1.04985794706715E-10,1.20498469098728E-10
24.39,1.04966136899593E-10,1.2027578115823E-10,1.04966136899961E-10,1.20275781158651E-10
24.45,1.04946479092839E-10,1.19988311271793E-10,1.04946479093206E-10,1.19988311272213E-10
24.51,1.04920268683745E-10,1.19708939128649E-10,1.04920268684112E-10,1.19708939129067E-10
24.57,1.04852558459824E-10,1.19437664728797E-10,1.04852558460191E-10,1.19437664729215E-10
24.63,1.04782664035124E-10,1.19154243714001E-10,1.0478266403549E-10,1.19154243714417E-10
24.69,1.04710585409644E-10,1.18903213672383E-10,1.0471058541001E-10,1.18903213672798E-10
24.75,1.04599191170118E-10,1.18599548299345E-10,1.04599191170483E-10,1.18599548299759E-10
24.81,1.04479060127471E-10,1.18279687439715E-10,1.04479060127835E-10,1.18279687440127E-10
24.87,1.04363297486385E-10,1.17919337863607E-10,1.04363297486748E-10,1.17919337864017E-10
24.93,1.04240982242959E-10,1.1758733038903E-10,1.04240982243321E-10,1.17587330389438E-10
24.99,1.04123035401093E-10,1.17247225171154E-10,1.04123035401455E-10,1.17247225171561E-10
25.05,1.03948299338939E-10,1.1691926656822E-10,1.03948299339299E-10,1.16919266568625E-10
25.11,1.03762642272883E-10,1.16538672633864E-10,1.03762642273242E-10,1.16538672634267E-10
25.17,1.03590090411509E-10,1.16121638854677E-10,1.03590090411867E-10,1.16121638855078E-10
25.23,1.03384775538431E-10,1.15749142663611E-10,1.03384775538787E-10,1.1574914266401E-10
25.29,1.03172908063012E-10,1.15360450985953E-10,1.03172908063367E-10,1.1536045098635E-10
25.35,1.02958856386813E-10,1.14898879618634E-10,1.02958856387167E-10,1.14898879619028E-10
25.41,1.02746988911391E-10,1.14546627785795E-10,1.02746988911743E-10,1.14546627786188E-10
25.47,1.02460858609431E-10,1.14101251905052E-10,1.02460858609781E-10,1.14101251905442E-10
25.53,1.02194386114495E-10,1.13659924895954E-10,1.02194386114843E-10,1.13659924896341E-10
25.59,1.0193009782034E-10,1.13218597886853E-10,1.01930097820686E-10,1.13218597887238E-10
25.65,1.01663625325405E-10,1.12696293444794E-10,1.0166362532575E-10,1.12696293445176E-10
25.71,1.01346916212519E-10,1.12267113050629E-10,1.01346916212861E-10,1.12267113051009E-10
25.77,1.01014917694165E-10,1.11854128143049E-10,1.01014917694506E-10,1.11854128143426E-10
25.83,1.00652340364884E-10,1.11364214674156E-10,1.00652340365222E-10,1.11364214674529E-10
25.89,1.00294131437164E-10,1.1091074105009E-10,1.002941314375E-10,1.10910741050461E-10
25.95,9.98878700922725E-11,1.10428925324485E-10,9.98878700926051E-11,1.10428925324853E-10
26.01,9.94837929481576E-11,1.09975451700409E-10,9.94837929484875E-11,1.09975451700773E-10
26.07,9.90535053946752E-11,1.09505782589736E-10,9.90535053950023E-11,1.09505782590098E-10
26.13,9.86341388450953E-11,1.08947038302807E-10,9.86341388454196E-11,1.08947038303165E-10
26.19,9.8210403893951E-11,1.08517857908605E-10,9.82104038942725E-11,1.08517857908961E-10
26.25,9.7705853513925E-11,1.07995553466495E-10,9.77058535142432E-11,1.07995553466846E-10
26.31,9.72340661456064E-11,1.07509688869213E-10,9.72340661459215E-11,1.07509688869562E-10
26.37,9.6746989371821E-11,1.06983335555446E-10,9.67469893721329E-11,1.06983335555791E-10
26.43,9.62031233777388E-11,1.0642054239684E-10,9.62031233780473E-11,1.06420542397181E-10
26.49,9.56592573836557E-11,1.05898237954711E-10,9.56592573839607E-11,1.05898237955048E-10
26.55,9.51110229880079E-11,1.05420471100704E-10,9.51110229883094E-11,1.05420471101038E-10
26.61,9.45103677736248E-11,1.04796944867362E-10,9.45103677739225E-11,1.04796944867692E-10
26.67,9.38944231537752E-11,1.04238200580384E-10,9.38944231540691E-11,1.0423820058071E-10
26.73,9.32937679393859E-11,1.03659211935159E-10,9.3293767939676E-11,1.03659211935481E-10
26.79,9.26450603078224E-11,1.030356857018E-10,9.26450603081085E-11,1.03035685702118E-10
26.85,9.19985368770359E-11,1.02493136901398E-10,9.1998536877318E-11,1.02493136901712E-10
26.91,9.12974084267323E-11,1.01829121951546E-10,9.12974084270102E-11,1.01829121951856E-10
26.97,9.06072009803279E-11,1.01221791204762E-10,9.06072009806016E-11,1.01221791205067E-10
27.03,8.98580201128449E-11,1.00569922869842E-10,8.9858020113114E-11,1.00569922870143E-10
27.09,8.91284970523835E-11,9.99868853529356E-11,8.91284970526482E-11,9.99868853532327E-11
27.15,8.83400005708428E-11,9.92904794298735E-11,8.8340000571103E-11,9.92904794301659E-11
27.21,8.75886355025687E-11,9.86426599665844E-11,8.75886355028244E-11,9.86426599668724E-11
27.27,8.67499024030671E-11,9.7930058556917E-11,8.67499024033179E-11,9.79300585572002E-11
27.33,8.5948300716832E-11,9.72134082755952E-11,8.59483007170782E-11,9.72134082758737E-11
27.39,8.50615152001486E-11,9.64441226628381E-11,8.50615152003899E-11,9.64441226631116E-11
27.45,8.4172545482681E-11,9.57274723815032E-11,8.41725454829172E-11,9.57274723817717E-11
27.51,8.32398917495965E-11,9.48934048223594E-11,8.32398917498275E-11,9.48934048226228E-11
27.57,8.23006854141661E-11,9.40512395199121E-11,8.23006854143919E-11,9.40512395201702E-11
27.63,8.13527422756084E-11,9.32900516504248E-11,8.1352742275829E-11,9.32900516506778E-11
27.69,8.03217995073813E-11,9.24073976314783E-11,8.03217995075964E-11,9.24073976317257E-11
27.75,7.93126987469568E-11,9.151259699758E-11,7.93126987471665E-11,9.1512596997822E-11
27.81,7.82337035615463E-11,9.05813565188378E-11,7.82337035617503E-11,9.0581356519074E-11
27.87,7.71088401597366E-11,8.95772363504152E-11,7.71088401599348E-11,8.95772363506454E-11
27.93,7.60014503641681E-11,8.85852627969308E-11,7.60014503643607E-11,8.85852627971552E-11
27.99,7.4872218560787E-11,8.75932892434373E-11,7.48722185609739E-11,8.75932892436559E-11
28.05,7.36512503246114E-11,8.6443409695643E-11,7.36512503247922E-11,8.64434096958552E-11
28.11,7.2414992682966E-11,8.53097256344341E-11,7.24149926831408E-11,8.530972563464E-11
28.17,7.11721824389731E-11,8.41072107551911E-11,7.11721824391419E-11,8.41072107553906E-11
28.23,6.98354515614037E-11,8.28277673146149E-11,6.98354515615663E-11,8.28277673148077E-11
28.29,6.84681418728979E-11,8.15159329008393E-11,6.84681418730542E-11,8.15159329010254E-11
28.35,6.705277976721E-11,8.02000496154047E-11,6.70527797673599E-11,8.0200049615584E-11
28.41,6.56374176615157E-11,7.87950911536902E-11,6.56374176616593E-11,7.87950911538626E-11
28.47,6.41761873394192E-11,7.73293996172349E-11,6.41761873395565E-11,7.73293996174003E-11
28.53,6.26406941907703E-11,7.57260464447131E-11,6.26406941909011E-11,7.57260464448712E-11
28.59,6.10571486249375E-11,7.40619601974482E-11,6.10571486250617E-11,7.40619601975989E-11
28.65,5.94037086341126E-11,7.2341189747088E-11,5.94037086342303E-11,7.23411897472313E-11
28.71,5.77022162261027E-11,7.05475396070371E-11,5.77022162262137E-11,7.05475396071728E-11
28.77,5.59810660110572E-11,6.85959834726714E-11,5.59810660111617E-11,6.85959834727993E-11
28.83,5.41812845678947E-11,6.65755965202607E-11,5.41812845679926E-11,6.6575596520381E-11
28.89,5.23312665067646E-11,6.44863787498044E-11,5.23312665068559E-11,6.44863787499169E-11
28.95,5.04091698198584E-11,6.22675970865698E-11,5.04091698199431E-11,6.22675970866745E-11
29.01,4.84608627235717E-11,5.99435447604478E-11,4.846086272365E-11,5.99435447605447E-11
29.07,4.64230033952605E-11,5.75304172580319E-11,4.64230033953324E-11,5.75304172581209E-11
29.13,4.43261706458551E-11,5.49634326329393E-11,4.43261706459206E-11,5.49634326330205E-11
29.19,4.21376014636422E-11,5.22466397568168E-11,4.21376014637014E-11,5.22466397568902E-11
29.25,3.98594800494014E-11,4.94083807312043E-11,3.98594800494543E-11,4.94083807312699E-11
29.31,3.75267536156247E-11,4.64041179679621E-11,3.75267536156716E-11,4.64041179680201E-11
29.37,3.51088433513791E-11,4.32540958253321E-11,3.51088433514202E-11,4.32540958253827E-11
29.43,3.25860914496353E-11,3.99097278435247E-11,3.25860914496707E-11,3.99097278435681E-11
29.49,2.99825241189812E-11,3.63872095091326E-11,2.99825241190112E-11,3.6387209509169E-11
29.55,2.73134307648811E-11,3.26743942072059E-11,2.7313430764906E-11,3.26743942072357E-11
29.61,2.45416799740583E-11,2.87226954779532E-11,2.45416799740784E-11,2.87226954779766E-11
29.67,2.16825611519768E-11,2.46697749574367E-11,2.16825611519925E-11,2.46697749574545E-11
29.73,1.86792850783305E-11,2.03415311647455E-11,1.86792850783422E-11,2.03415311647582E-11
29.79,1.56301407882601E-11,1.58391858911035E-11,1.56301407882683E-11,1.58391858911117E-11
29.85,1.39723323956334E-11,1.06971188968755E-11,1.39723323956399E-11,1.06971188968805E-11
29.91,9.14089915362961E-12,5.69272529998279E-12,9.1408991536324E-12,5.69272529998452E-12
29.97,0,0,0,0
